pipeline_id,Time,Memory,Score
20473,3.444384465522934,-5.715166844106887,7.256336334865656
1080,-0.06509448665864297,7.825422876724644,2.7482388010422485E15
1092,-5.3254850433326535,1.7828091770969292,22.29750950162269
1096,-45.187989385287075,37.40793431439309,0.0
1097,-0.16634719640739304,13.185193775533243,1686.887518070983
1116,2.3236447241282137,0.8484965449668517,0.0
1117,-7.062018498087063,-0.9152852796992929,0.0
1121,0.15928678961596188,10.7354896699179,-4.421091734318007
1125,0.9022256849272473,-381.5648676267206,Infinity
1127,-0.1269741530740872,11480.862231174442,0.2314964178755496
1164,-0.11340242328808291,2.7055190995422187,0.0
1214,0.0,-5.366868466803157,0.0
1233,0.0,-2.607042775294065,0.0
1255,-0.10115398187609752,20.14182829337036,823.9506778781077
1359,1.8713735606009492,-31.769000874334086,3.849419143014341
1395,5.49978073006656,-313.0757544196065,0.6437900257189592
1475,-18.86341387340103,360.9266610294881,-0.21856345541797698
1512,-13.68312309746516,222.00549637134733,-0.21080928404711474
1524,-492.9885377097256,18.909207477911888,-55.299157639952746
1526,-299.156432247598,-1.6924252162945321,-1.0671485306402648
1558,9.122904282273216,4.777196484485066,0.0
1568,-5.277977636761275,329.6316533666011,-0.4854739589279188
1603,-8.581663749156968,6.735422340010639,-43387.58837904349
1609,1.7120998115532853,-1.1740220131607324,-0.7648655010272459
1625,-3.4413587441197153,-2.0948676185022608,-0.24051742317284455
1650,-0.4703602314848996,1.9145070402090196,-10.099474100496721
1653,-4.9026379861128415,-1.8850669615572575,-1.1876231654476919
1663,-434.7922491761164,-1.6924084538491166,-1.8061376399904712
1708,-0.37544309053928715,1.5364144406649085,-0.4174613620322556
3095,-15.738327362102405,-2.3270282730741085,0.4767102626786087
3096,25.228170180849837,0.9712149624852534,-24.4986705259309
3099,-5.97077405665511,3.7896062612353454,0.0
3100,-0.9233736399449907,8.770381801159385,-1.1911125019128042
3101,0.9334407750235536,12.155211435093813,0.535248274748399
3126,0.1554731956407327,22.797080992890308,-15.152943560342111
3171,0.5144159524329558,10.480667336536035,-14.22456800998965
3176,0.0,-14.263340955231508,7.052860804257016
3199,-1.7178525492307775,-3.8134920826840264,-0.8946828434861586
3203,0.0,-8.354492226159373,-5.421783213637975
3219,-9.271865450300396,3.1529843163797446,-73.42925184111961
3236,-29.404154115823534,2.087116057288763,-6.574372249636904
3267,-0.7207301844486054,17.7068424848568,-0.026519701166617064
3279,-4.66518437145034,-4.542921746655339,3.4220610867686294
3286,0.4415090705158628,22.366482949517447,6.802746059506649
3297,24.75795145044281,-276.9177183416691,0.08122960744351332
3307,-1.4659391911504451,8.737539255648812,-8.540985695211196
3308,-0.32035583184304717,1.0079874473540231,-0.15714134630645815
3319,-3.5770126238643196,0.9001689579041297,0.25902664477589643
3363,-0.03639521381474088,-43.28896306341006,0.41126435400251643
3375,1.0329982602449466,1.005507861263749,-23.291905970981013
3382,-0.45174422256035246,-295.31339379500116,0.0
3387,-18.934802971063657,-2.182817528332114,1.4024171009173736
3394,-12.03733362201887,-1.271872983337539,Infinity
3425,0.5717784226992084,-1.5350797282479183,570.0191124186379
3438,-2.1162512296069242,14.80367733611385,-0.2904162462684193
3445,0.5036284619116543,21.339468093814673,18.17190063510065
3447,-107.16041778658119,1.0901161719862058,-5.100847848363037
3449,-8.969177596633301,1.202433626029737,-753.5988660677406
3452,-1.5549249956153668,3.7053702390006578,77.05870812291467
3462,-1.184552351510973,1.540765011459501,-12.094924063591872
3464,-0.4420915447554752,14.987869188013374,0.10762091949770247
3485,21.65283020151434,-4.876962916751069,Infinity
3501,-1.7344261542855905,-6.862463226332204,-8.323893719718598
3504,-3.0914283784136893,3.8641464326159713,0.0
3505,-38.484333004476106,8.213938621652579,1.2063828287189944
3508,0.21414775378220863,-1.307069114793104,-15.313324924774724
3527,-2.3629218756116033,-11.524114160369532,-3.4190586064662765
3531,50.80954383589227,9.132469263141306,0.587775668032894
8189,-4.690471458132568,-3.791372479583587,0.0
8299,14.65599697750006,-1.2769851660692286,-6.0199760477516E13
8471,-0.06496450364529238,22.00409158295799,-0.12461386682513514
8473,0.04539974013431134,7.567509817250209,-0.11346068934689614
8559,-7.502023434417408,0.9689518405724458,-4.431598120269832
8561,-0.03347380343482626,-5.982649637619143,28.13417961785077
8652,7.445531212695621,2.621728502267859,-Infinity
8665,-2.45586866909197,-1253.262851226362,0.0
8678,0.0,37.21308939107887,0.0
8693,-39.35140655959268,-532.8055204426954,0.0
10489,-0.797578999536935,-1.446284236122538,0.0
10493,-4.565747480016025,-73.79483892447877,-0.5585574154607572
10511,-5.619470558308616,-149.48384621577884,0.0
10513,-0.3095525240919802,5.0600693019893415,-87666.40205150684
10526,1.4775284779173319,-1.3514495853947133,0.0
10530,0.0,-1.945127713311427,0.0
10541,0.23566906051564712,-261.76139724675176,0.0
10542,-24.51283916094168,3.0882790367246713,-1.3727664001113664
10546,0.9015634261949753,-5.034524901562295,-72.08034572601129
10585,-0.02108014757229917,72.06508414868752,-1.23770604271662848E18
10588,-5.803834073233662,-898.6635688918875,0.0
10593,0.26053729042208074,-1.8359580783475837,-5.417605754928923
10596,-4.746285599135886,-1.4946175227913292,0.0
10611,-0.01371426494000011,-26.320145216721574,0.0
10640,0.0,-1.4790017099182382,0.0
10655,0.4765187817011308,-4.672239463689809,-Infinity
10658,-33.33262574741832,1.1594776947446646,432576.3764160012
10692,-15.04355879623058,1.9748389299025475,0.0
10737,-1.4908947991949866,1.9367471632314104,0.0
10763,-0.13831844019753875,6.734036771455655,-0.16501772453004945
10765,1.2669782681693578,-1.4540609462397225,-Infinity
10775,-6.942631325194898,1.300297164213214,0.26742929336909943
10797,0.028789348584634826,-1.8104299511650013,0.0
10806,0.0,-1.2194990162535928,2.7548680519968066E12
10811,-13.119687652286846,-2.798548508333455,1.004785691794357
10820,2.1216490437379965,-1.1707605806383927,-559.3277640991168
10835,1.1024362028466435,-1.5109723244128728,-Infinity
10839,-17.777746272018675,-3.6244364552762853,-0.7892085254765056
10850,0.0,-29.603392860932868,0.0
10857,30.066686564814546,-4.195011465077772,0.0
10870,0.23259327886281966,-5.240315108717642,1.768131882875695E13
10877,-0.9709573000822358,-1.463618328379957,1.035358460831301
10883,-0.12734710871014635,-4.591099739011491,0.0
10884,-1.9462546272339982,-10.810127474535346,0.0
11342,0.0738695304177335,-9.137355497907627,0.0
11389,-0.23203430703994776,-1.4699523632645382,-0.23937616193527986
11419,-1.4624940635291683,-3.2274480690019276,-0.28618396451967754
11428,-0.19199901960550905,11.450842890945163,0.0
11456,-0.2025777698564537,-2822.43493723225,0.0
12189,0.0,10.356383351880742,18.11205588560051
12192,-13.559157551611781,1.2853620863302395,-0.443354182807703
12274,-29.089618962728032,138.5030450687138,-0.17646867642531786
12291,-40.216478272436646,138.51098171726952,0.13175038057478342
14938,-1.9384612088670776,-1.3145997937092182,-0.08273458806306563
15027,0.4741496877448384,-1.0782240695825267,-3.179244963679224
15095,-0.362471774789898,-1142.8036761340707,Infinity
15097,-0.010133821996799656,-258.7267566035807,0.0
15101,-0.4506965654419999,-207.34647274424165,0.0
15106,1.192296605165306,13.590301769235447,4.045607067430004
15523,0.0,4.061085168181663,-447.7185516347893
15563,-7.680254873209819,-3.4303808710950965,-Infinity
15588,-1.930185877196255,-15.086100444707796,0.4479493785515467
15611,-16.2808583638535,-5.06545973473873,4.796555069908633
15623,0.0,-11.674881065856116,-7.291407809662276
15639,0.0,3.6704426911041548,0.0
15645,0.0,-11.983009547566231,-1.7556996879053428
15692,-33.67995150362957,3.743164475088362,0.0
15700,0.0,-10.150587429853957,0.0
15703,0.0,34.6368925473134,Infinity
15707,-0.5364806603435082,-21.602475850043636,11.679812668053726
15717,-2.4179417152193983,-15.389707857295258,2.1892767217532985
15720,0.0,-8.95047744835179,2.696125604879507
15770,-247.3117567155697,-9.268716105057806,0.0
15778,0.0,12.509848945080751,0.0
15781,0.0,40.6555780155539,0.0
15788,0.0,271.4748363668946,0.0
15793,-2.290383302579605,23.5153586410626,1.1117519857772484
15796,0.0,-10.943335706528583,-Infinity
15804,0.0,-8.579396502764377,0.0
15831,-0.6055853254064377,-0.9431223413602519,0.09979272753695394
15860,4.908548879991318,-3.5273098241560707,7.715615548067981
15895,0.0,8.606013064138411,0.0
15898,-26.739107592595307,14.513033646467246,0.0
16260,-0.35812433974894864,175.3496430400227,-Infinity
16261,0.688232939720895,175.3879930028138,-Infinity
16262,-12.609357877611817,-0.8454365373469972,-1.4198709127105331
16268,-4.147710854944854,-1.0928937177698785,0.0
16277,-0.20369852399052737,-0.9486339586545981,0.0
16279,0.0,3.8668916044693042,0.0
16280,-0.33640274710390805,-1.1451971498195046,133.25184075233503
16283,-13.417712189718449,-1.4892924076896918,0.5866538086302086
16291,-1.7317124807238746,3.4800720413225528,0.0
16328,0.0,-1.54229611933859,0.0
16331,-0.387655854403334,110.84230211891146,-2.727900124401695
16332,0.23227568151185174,-0.9706178883592067,0.0
16336,-1.160653465589509,4.4110896128726615,17.553098377656553
16360,-1.4101996791529012,-1.121096260094827,2.26471370386224
16362,3.743046182675422,8.398747954303822,8.176643994993606
16365,-6.707651723347839,1.5709744658178664,0.0
16370,1.7828051405981624,-1.2327728442393637,-7.181333929467037
16377,-46.57439813231072,37.81667053543857,-0.19694426196054238
16380,-3.023242958664415,4.406161825602499,Infinity
16383,-0.20724538873977708,4.511364091971518,-7.252947160628136
16389,-2.751380637605028,4.410545371573173,2.9177649656713696
16391,-0.24321719298962113,4.411883477383264,9.581587702155518
16392,0.3411616825595977,6.562413039910549,17.033161857383043
16403,-10.543176119497168,4.5009781471196995,2.2237306842129834
16412,-0.19250587708302408,11.8702120437133,7.904875108823878
16419,7.324855638323676,-0.8654363345126507,122820.43370407689
16426,-0.0454466767302915,59.541613443848576,5924.344706302196
16431,-0.16309824881474233,59.54657954905101,17448.259262098163
16436,-11.318694101016598,-105.39045550146326,-0.25086681215773005
16447,-4.68767511030616,4.628491479665157,-2.2385960449893862
16456,-0.22703889175022915,14.542830935877879,0.9076489488332344
16458,0.05913591698528839,7.012869358176426,1.362498092402897
16459,-18.68682813964456,-2.189500995419692,0.08133151611153543
16462,-1.964282677097612,6.93470669369637,-0.006228883255800616
16469,-2.3486229509590157,-3428.395127498469,2.4838305314869524
16471,-7.239275155289159,4.513058206584866,4.9445258204342055
16472,-4.535705157076956,43.78062013521692,-0.06768575935425021
16477,-7.365106156769951,-0.9488196993032857,0.0
16478,-0.4528979768862468,110.80112264950576,73.77066846711962
16484,0.0,3.4430259617538597,0.0
16485,0.0,4.680368014516632,0.0
16750,0.007644257949603587,1.2561179675200118,0.0
16774,-0.08913736169218577,11.87950881602366,2.3070746564268135E15
16776,-0.995478041533328,0.9122602622560787,0.34821642664148283
16784,-7.107182962089865,5.393855544170764,7.711884507426565
16785,0.987696598674624,-1.424474788373904,0.0
16802,0.09640092357939962,-61.24649771483682,-Infinity
16819,-0.2307769597025145,11.745596608345329,27804.247668554937
16820,-0.5274238359865977,-44.85553038288679,2.4164128020506695E15
16829,-0.5549066548080024,25.406368869063293,1.0
16831,0.20853785625927024,-1.2172561223187193,1.0250636461729113E10
16933,-2.2582973703469835,11.507860213808542,0.0436273831890593
16964,-4.572921592839513,-6.304988690237498,1.2348999023928535E15
17047,-0.1478425770232419,164.76310977763885,-0.046035661944720405
17109,-0.30981954358657915,14.331202853422282,0.0
17360,1.167175567266877,-1.6961262784882098,-0.163494660995664
17622,2.9814000938454748,113.02913457405262,0.11069722536781208
17639,11.520576737825353,11.800617747033833,0.4862005745148148
17647,-1.3627941669864254,-0.8275364733328697,2.0626762486848587
17648,-0.27991050459444705,8.178976053551088,9894.685674459892
17649,-0.1413880976943325,-1.0230283299424967,315.084983374374
17654,0.019981383066588667,5.822936908246022,0.25357750706129484
17662,0.21941753153870586,27.828915670717667,1.5732944552375827
17664,-12.498595942814193,2.589472664502458,0.0
17665,3.9502878559831656,-0.8147967042426816,-617795.5593174677
17666,-0.03565866975998807,4.617755610823929,-0.019762157726089146
17680,0.8058826578963095,1.1223753541014498,0.20131040119263507
17681,0.01641161069374855,1.156955649480108,0.14067767087063637
17698,-89.61296825485643,-22.51712900961864,-517.1839722625192
17700,0.026847588448370343,8.304109018234767,4145.991553038378
17709,-2.270070243331247,-7.730190760739987,0.6983906509016742
17724,-2.6849605336264504,-123.75029471820356,-0.328827103997101
17747,-1.5671530972209522,-2.16913068645593,-1.4206761390366158
17752,0.0,-2.5408834738784503,Infinity
17759,2.1141029020883226,-1.5579528021068645,-0.030553025710434212
17775,-1.5838419513901607,-35.82001670361949,-0.6011470681641212
17779,0.0,6.014681451497897,11.16924940965033
17960,-0.1897344079002235,79.94311291497833,3.5200438083087355E15
17962,11.827923940179279,-0.8349045290342796,0.0
17966,0.0,-23.12019802586086,0.0
17967,7.11448672864193,-207.84593249489782,0.38970393746872567
17971,0.0916048014885533,4.1755930705224875,0.0
17985,2.042547649469331,-51.73337810584496,2.1945205394367675
17991,0.0,-51.171317249353464,0.0
17992,0.0,-155.81451543850028,0.0
18001,-91.19793493848327,-23.611076200386563,736.3963538945435
18004,10.01553708188229,-205.0321757525952,-0.5645574369366403
18006,0.0,-46.29411432609564,0.0
18013,0.0,3.9714381030457795,0.0
18015,-3.0739537705639113,-87.41169211688845,0.0
18020,0.3553213441964702,-16.949314730071062,-0.42935898114288196
18025,-7.054569716093138,-3.096356883707715,6.372255001396089
18026,0.20316263451832708,-138.80623916505692,-7574.527840070291
18027,0.2656551781450291,-0.8738986244027812,0.8420729477415797
18031,0.0,-8.986321614403947,0.0
18035,-0.3969864196564782,8.241024610684669,-1127.0165911216031
18037,0.0,-13.863202803974517,0.0
18049,-117.58546190452758,1.2016375893889293,Infinity
18053,0.8964185311749112,8.716721307218865,0.0
18054,-241.44114046239258,-3.12897779613059,0.0
18059,-2.7469337650536865,31.569671809319594,0.0
18061,0.060721146869285425,37.3370986764617,-1.3427453556187257
18062,-3.268523311261884,-9.560988023911905,0.0
18071,-0.10570770845422701,8.776148695282945,-744.8348071103287
18077,-1.6207286057786752,1.8289040600213635,0.0
18081,-3.0013872077696493,-15.936089325188968,0.0
18082,0.0,4.1727825410034605,0.0
18083,-9.93302290402167,-0.8731273260570172,0.0
18086,-4.037327605190103,1.912061291776948,2584.857980169409
18097,-10.325461191895393,-0.9191284964251097,0.0
18105,-34.63943042845776,1.967541902364368,1155.036613646802
18106,0.0,-3.678534998533412,0.0
18107,-4.260924588961739,39.53015056109265,0.0
18110,-6.811622735819615,863.1070548863692,314.17573652330384
18111,0.6433170494554494,-1.4467242938038127,-902.8627715092495
18114,0.16586841475118433,1.9035746716300301,0.6537204504605493
18117,-31.766506378361726,23.817241426331147,0.0
18119,0.0,-7.8408832381662235,0.0
18122,0.0,-26.303408684201642,0.0
18139,0.529461050929195,-4.537791433863817,0.3303831294527972
18140,-0.09540528450984084,-5.499432146704555,0.0
18144,-1.8285111934774232,-4.57509486697302,-2.7791013395189825
18145,2.204412788453502,17.8985841033956,16.393906878697308
18155,0.3740940932784983,17.709294716877885,0.17758643265616525
18157,-3.1629403103516895,17.007781806331963,-3.7529996894765E12
18160,0.0,-9.897597627205034,0.0
18162,-0.2395062240158717,1.1659722512516513,0.12748812076820024
18170,-16.6749908976604,1.036628623357256,3634.734600445621
18173,0.5116393179324307,-14.730745379506347,0.14485824910606324
18175,0.0,-1.1695289100010742,0.0
18182,0.8058864752200396,-0.9663949200540677,0.8832279131994463
18188,0.0,-1.1688280337277859,-0.8247867704263437
18191,162.78131101707987,3.5733066941986045,-559.6387472488865
18201,0.0,-15.80200578350579,0.0
18207,0.0,-57.008997793545895,-118.42039105571305
18208,0.5098718225834415,1.2004238669159342,0.1051525292167352
18210,0.19736868858751774,8.351869586018116,80.1724315484853
18214,-1.1765353930095312,1.4402812533616174,-0.27439773622880953
18220,-0.01919207898893337,-65.12714323132217,-0.9797958971133757
18230,-1.2871639701295052,-87.75197569516975,0.0
18231,0.0,4.1320550288515765,0.0
18249,-0.2514535031589102,7.74582775747984,0.4775665067951468
18250,-0.4221573210372327,7.7458304180795094,0.03254435495947972
18253,0.048768500244058356,8.297348194570668,-0.19204543185913045
18259,-12.82345758690971,-433.3132619055338,-0.3161730695248453
18265,0.05733218508877474,10.9614913039844,-0.0935643893093598
18291,0.0,-1.213260636848276,0.0
18310,0.47146642332170896,1.9695009594022403,1.068331057738702
18311,-11.872971472986912,2.4045441073771996,0.0
18317,0.0,-304.97768443693,0.0
18324,-0.14271670981387125,-60.31363075078781,0.3761400150972821
18329,-0.24435269867834924,-1.2721751896564168,-31.003592251409348
18331,-0.28126424252019017,21.026598597589825,0.0
18332,-0.11782641469977845,19.081280968777072,0.16054516829034593
18333,-0.06270723408104127,-5.219739100655148,2.0294442756070166
18339,-0.21747177327133024,8.336864685128978,0.15947642003951454
18341,0.4770116482942511,1.3331375276448592,0.03888743748644506
18347,0.835131471095309,8.289311352829136,63.79085371094486
18348,-0.3279848705356908,8.145860989820997,-0.8789645794180526
18352,1.0647180027597445,6.378826664061689,0.0
18363,0.0,-73.95309836857568,0.0
18374,6.735592776956572,2.9726552406779354,3.632678548424536
18389,0.06327601024952034,12.402839779132334,1223.6013843356604
18520,0.0,-0.8240422667911963,0.0
18541,15.77599530156729,-1.4181149447467662,0.0
18550,-6.602388253605407,-9.809860399979582,0.0
18614,2.6561050452281045,-0.8642984344385081,0.0
18638,5.497201718769587,-0.8969803430143372,0.0
18642,-5.233013853250997,-7.591287534294695,0.0
18690,0.34986938657262184,3.278331929298896,-27.176388658752717
18760,-8.073398857240122,-1.5430012059223928,0.0
18770,-496.60757488138233,-72.43713477103574,-Infinity
18802,-4.579386533522694,-0.8649342811635332,0.0
18856,-1.698827470525937,-11.918605721673922,0.0
19451,3.338002094918651,-14.556642738737905,0.0
19458,-1.564226538340928,9.628558677898168,-7.756629219771923
19462,-1.2916263203494824,1.6162789594140996,3.4438987319178135E15
19466,0.8754028714880615,-11.767533690593554,1.003510157279E12
19472,6.219348022856411,-1.299187986573004,0.0
19486,-2.3692033208508767,4.103395483150761,0.0
19489,0.0,-3.2901060226556362,Infinity
19501,3.7311174264797304,-1188.8746996936295,-12.107422963873864
19503,12.170883820326928,2.5442552692571443,-12.55095492951996
19505,-16.090104901020393,1.2591232658539822,-18.749990391563948
19507,-0.8901966451305539,-41.404320165635376,0.0
19509,-10.06793425512932,-491.42555765891177,0.0
19541,-66.21289961536581,-135.44566564868862,0.0
19546,-4.000947169547769,546.5131327568077,112.64730800039305
19550,0.0,33.64672314516605,8.793704292278091
19554,-0.27308550395350323,-3.19930012291445,-5.443753282951336
19560,-15.228859958907139,-41.04969469105065,0.2295231383085922
19563,-22.586728054080478,-1.007097624062844,0.0
19570,-11.002070049036904,-1.8969634096151808,0.0
19575,-15.579596606828693,-2.9008863519166312,0.20728651006500015
19581,-1.5955279653065486,4.3131269859984895,33.61687683642703
19584,0.3055394430015679,4.279404220470952,33.61687683642703
19597,2.879253674325506,-770.6748362620682,0.5188892457744237
19600,0.696540068860088,-1.3116334277402506,0.0
19602,-1.725908240827343,-18.023146147802777,-36.12480974849573
19603,-4.468263295592177,6.201265589100366,0.0
19604,0.5101390979547512,0.9165210319155609,0.0
19605,0.2917665471352686,6.203490203656074,0.0
19606,1.0026915731753157,-41.98658162753278,9.944530787446901E7
19607,7.519315848582414,33.645064497279655,9.15767464914132
19619,2.6169039992831364,-12.94383534461915,0.0
19623,-66.35169677593348,-1.1474782428613033,0.0
19626,-0.6131345310877139,-14.133917424726688,-0.7287390558857085
19628,-21.272701001149667,7.4271148353097445,0.0
19630,-5.954181715302461,3.5504923685150183,Infinity
19634,-748.3204906255654,260.33343682377796,Infinity
19638,-3.8166575880899076,5.438444587377954,0.0
19640,0.0,-3.445627301961734,0.0
19641,-0.3318386474854674,-1.4005858714490793,0.0
19660,3.5222111031348087,5.468877007532541,-6.375604106643797
19680,-0.19311081765092497,-14.612350129237306,Infinity
19688,-0.016548143565255188,-1.1612298384289788,Infinity
19689,-1.9132436149420655,-9.935322922804652,0.0
19706,0.3003609452852095,6.153758715307388,Infinity
19709,-5.8749342847422215,-7.705110561033457,0.0
19711,0.1421109605809339,5.878151740586319,3.2007506811840615E15
19727,-4.023689120385574,-5.747396182050156,0.0
19745,0.27992580044799853,5.878354638543164,3.2007506811840615E15
19746,4.015159812060379,-10.22929790588612,0.0
19751,3.207373793070614,6.248855814814641,0.0
19757,-15.47938633876768,-1.8585969602783787,0.0
19764,-0.277771911431595,-2.603628932700555,1.1093285687719974
19766,4.1609916966448965,-1.2033505831496594,0.0
19767,0.5932518222551227,5.699224309733951,1520.0395575458383
19768,-8.11287897507371,-1.2649730347596808,0.0
19774,-1.2735230979866572,517.066819824234,0.0
19796,4.624962604808235,-4.458980003293381,Infinity
19803,14.434063532952509,2.472996338441088,0.0
19815,-4.578493460242749,-34.326267553406005,0.0
19836,-0.6276264421727998,20.27293358225885,-0.11324880043838796
19853,-4.831139637077557,-21.886289237810107,0.0
19855,-1.2451153755564772,-4.283705453297837,-0.4597896606745324
19875,-7.261641902726872,3.298694910179192,Infinity
19929,-1.2071043389262024,1.0293971956101333,-19.289793513552624
19930,-4.6575719899112356,-68.7691243377838,-2.270172367331202
19946,2.6166031677579693,3.1040274326576776,0.0
19984,-4.934732896794063,-20.199608800854744,-0.593256056405351
19985,0.03845860854935293,2.6186524381718375,0.0
19987,-112.64878258000327,324.04884394455877,14.347519680048995
19991,-0.12793979703853864,1.5785922491172244,32.55043575839259
20001,0.1684468169675094,-25.605234711501506,-1.2934805722247718
20005,0.0,-1.1856342031864984,-0.3376147685918615
20019,3.958220943340369,3.1832460162849663,0.0
20023,-7.231794914044027,-1.1988405420713346,-0.9224944334633676
20040,0.5308063059036016,-43.19951740958771,0.10619426665643343
20041,-0.1511775705171436,1.4196006996594384,0.23493379228676378
20043,-4.3707887237120735,-28.778387656054843,Infinity
20049,14.197570884265785,12.769614607134537,0.0
20059,-9.38026000452069,-1.4587813226220772,Infinity
20063,1.848546092617034,1.8465054785783512,-9.63958759715279
20070,-0.11244345819237392,39.47857887896914,0.0
20072,0.1262917319448889,-27.205299046132225,0.0
20090,0.7512212771883234,-1.3298909783025836,Infinity
20096,-3.386410319846125,-20.655383187567548,0.0
20123,-7.557037732823095,-48.31119903259217,3.901805691702695
20131,-110.4229456371194,2.3981883894192744,7.785174055572811
20132,-9.876570171142736,-17.618236258889166,4.957299417853256
20177,-2.2940486064922174,11.862911424157073,126.67427020571617
20190,-6.0074926689358445,-48.31280547512375,3.901805691702695
20195,1.4915214581150227,-13.128638568548672,-Infinity
20196,3.6874750700551187,4.867348263655222,0.0
20197,0.996337503374711,-1.7798129597282146,6.56036374747543E14
20220,0.0,10.360115570649663,0.0
20236,0.12280453886646138,-66.74198232429815,5.206273233000078
20242,0.0,1.0768422836296834,0.08325324464792892
20258,-4.130969117557495,-2581.353424288943,Infinity
20259,0.26829426252913163,-2.5215676890518623,0.0
20289,-3.0875526138897507,-9.223838664082173,0.0
20298,0.8310027443002473,-10.486532056161451,Infinity
20299,-0.44578130234141294,-0.9138085477441877,-0.8031984287678648
20320,0.0,13.351963947436062,0.0
20346,-37.385206953174865,10.919904976168457,10.194315325820652
20348,0.0,2.2826150549259103,0.0
20356,-0.06392254559866084,3.448749374579977,0.0
20364,-1.0052586934891246,1.143318065333873,3.8046342224190917
20367,-35.05189733267294,-0.8948394050353979,0.0
20371,79.96967500196442,22.007766359610272,1.127448055266842
20383,-0.05346516572267423,2.543959914226553,-2.583008044623205
20392,-3.9540894277801755,-1.3516659586408029,3.70661076280028E13
20405,0.06908143622597653,-28.758582952461037,1.7056057308449275
20409,-5.134281745451032,-27.06860296760521,Infinity
20421,0.0,-3.3964316007139965,0.0
20422,-1.7188909086240582,-5.6616623021609325,0.0
20433,-79.29668754696274,-17.886226721876582,0.29981267559834707
20449,-1.407577064988356,-30.750191922782182,0.0
20473,3.444384465522934,-5.715166844106887,7.256336334865656
20500,-0.28817597056544225,-29.997654117367937,0.0
20546,-0.5408507558636212,1.997020879966096,8.130422253017805
20548,1.9878875688886823,-0.9102681721259667,-Infinity
20549,-2.161190487973487,-33.93776111013036,0.0
20557,2.562748646587169,1.5398014677857994,-21.014146840106747
20563,0.10026602427392385,1.1105332706047044,2.3656465541014E13
20578,0.0,11.417983361336903,0.0
20601,-0.4095851685476295,-10.458782746914219,0.0
20615,-37.83279217246606,-749.3075973119121,5.50474825533647E14
20635,-41.704925424766365,1.400007118676013,-30.912680882621416
20643,40.883700796050064,304.77025733765686,-Infinity
20644,-0.03660336436383672,98.30771611005315,7.3344803259882E14
20650,-9.403420705626868,-5.193895307611149,-Infinity
20651,-0.02343314181784048,548.1611481587476,0.0
20661,0.0,-1.11123617385327,0.0
20672,-0.3017501207732228,-4.344553215688919,0.0
20677,-6.169933105610471,1.5510779182710532,0.0
20682,-7.3843931979020985,-1.1810669386667736,0.0
20685,-0.1372355338373832,-1.3168613795880593,-Infinity
20689,0.1252856675255587,-1.2293358463662627,Infinity
20691,0.4825050075073646,-6.712219660035639,Infinity
20692,-3.8596211731136014,6.160142375303073,0.0
20711,4.630536825366529,-1.216850913343402,0.0
20849,0.05421516941911725,0.9667881256169367,27.53027333634665
20859,0.04992448392532463,-2.348100756648589,3.64957278411817
20890,-33.66670222223847,1.8503335981425126,0.18072410134293024
20926,-0.25027007665774686,308.9213512014639,0.050702275679032856
20936,-0.05400548235678833,2546.672766883026,54.0798462678188
20976,-0.8291268170652274,-2.535293596311879,-1.0842269793442987
20988,-89.28028390664097,0.9589334828111605,4.986235862140821
20997,-0.29739499040485806,11.767589697211262,1.3097372931364961
21124,-1.931511585817509,-1.1673054495897064,0.0
21130,0.31793230675552103,-1.2328060302557553,0.0
22215,0.6775083681151062,-1.2368629751832323,0.0
22221,0.3495236867016896,7.595354089535084,0.0
22234,0.34966025862381966,-11.77784477204045,0.0
22249,3.3368493576652027,-18.17998753322752,0.0
22281,-1.170904146434891,-14.706422797311872,0.0
22302,0.5298645301962496,-1.7174960276817544,0.0
22319,3.878269139684332,-7.787923312486783,0.0
22322,-2.050050659098584,-1.7553289313983165,0.0
22334,-0.5933484019550805,-7.717403576565067,0.0
22388,-0.33285074772929507,-0.8255806713827624,0.0
23925,0.0887555528082293,0.834351151320594,0.0
23928,-0.3589368517404613,0.9548511317009677,-6.693830709015085
23932,-3.1414456366677848,-1.5956082313058424,0.38836754432580456
23938,-13.730770167320038,-1.425940399493085,0.0
23944,-2.165275320914532,24.857633031916503,0.0
23960,-0.8760287253109786,-7.477316026280885,0.0
23981,2.617245007122869,11.282570002125334,0.0
23995,-14.798942605190854,3.317268946906454,-825135.0946915137
24001,-9.647780645632352,-1.42772179006813,0.0
24008,-21.622676044393064,2.222889212961561,-1164109.4813984684
24013,0.34424119136731135,-1.8602490490176053,0.15516171872836454
24014,0.14494432445777353,23.84623396801092,-9.776835224109307E12
24017,2.216161644671118,-37.42330420191149,4.0747378892495565
24024,-47.66699032715615,0.9300919325874604,-0.3705267538411893
24026,9.187792651157487,-25.773929923459782,1.7205933932980129
24069,-0.417305054995645,18.662517845330843,-12.567458476864154
24088,-0.05414785979024198,25.954151826945996,-0.09894168311943326
24092,-7.1091516591136585,1.2554946068418331,-575667.6118064405
24093,-16.284224946458774,-4.7284294179271456,0.2350528267649731
24096,7.7991883522864,2.2085610227176544,-24.36334083173266
24100,-39.44051582697487,-2.408129408503917,4.1594246782364115
24112,-32.985052462590595,2.3620900757553165,-151268.21125653997
24113,-12.184811447651613,-0.941050175712533,0.0
24127,-7.246646670627906,-0.9592946505599689,63.542933490785515
24131,-0.8691956897077028,1.3693954565581035,-5.93268727628901E14
24150,-0.6640088566830752,20.33290938626412,5.0303966712861055
24155,-1.6390644938189325,2.2115792262956333,6615859.825726834
24156,0.38646340773233967,-1.3597226323861242,0.0
24303,-3.7143172094604697,-1.8472673361288083,0.0
24306,-3.748594826809759,-316.8479805295624,4.011682494821355
24309,0.006554332784481344,-6.951775382577843,-9.962351292790599
24310,0.23197515658158874,-1.036043903625099,1.2127834164035356
24318,-2.15508718546582,2.401308097738631,0.0
24319,0.0,115.731652588487,0.0
24320,0.11485717947303839,15.667790953790876,-43135.24863212503
24321,0.3859762905085526,121.18482001371996,-175.3538159131114
24322,-7.299133458778701,-1149.9896209039016,-0.012684112586223466
24325,-0.8634662712519664,18.716023590076826,-556796.7619236376
24328,-5.726420803035222,2.9041367216091976,0.0
24336,0.1607526031626515,-4.7824483612000375,-2.46156964773885
24339,-0.029204168053717935,-1.3207573202456684,-2179.1736900315504
24346,-8.101731443425914,-5.288034369768884,0.0
24358,9.608567522641732,0.8367181173016799,-48586.02355918459
24363,-0.0992791741326237,2.1330879485386256,-7.622498299628733
24371,-19.598138641021936,2.358938983823528,4039419.762089038
24374,-14.17894740798286,1.3834938307924087,-18.63345370166149
24386,-13.720006455847507,29.12800171730316,0.0
24411,-0.29515307310072764,17.410369949501565,-2508202.0163855776
24413,-0.059788726942071074,-1.0919743805249795,116709.63182632784
24422,1.6722129539125232,-208.01638105181553,10.890534162387194
24425,0.08732577976772032,11.960914300050446,-3747585.4573080195
24426,-0.31956586354708444,6.679522983415943,711705.9451202234
24429,0.0,-2.277024717638944,0.0
24431,-0.07019561983690238,13.239438533168594,0.17735458522051603
24432,-4.187875864916784,-43.389724188833995,-5016887.180647825
24443,-0.7283655042597765,15.703728532872343,-904.1803606060377
24451,0.6412083038365567,-1.3318597546556317,1.2192403184042429
24474,-1.1455019917513642,-1.0720089859420432,-753.2883016475895
24484,0.12266957241764026,-1.6503765252432803,-3905888.235396917
24485,0.0760023095615479,16.36083026495702,2.5198104115911275E15
24491,0.4638630312587934,-10.609059094483275,-1.790893895993563
24510,-6.755068320462526,1.9023437746676464,0.0
24514,-0.09926872915421776,11.474311318629809,-0.5348790999771441
24520,-0.09446781024534298,-2.3096279122460883,-0.7283113335868279
24522,10.8221828844743,-1.046621878561076,2.494401096466134E14
24543,-17.626986970424625,0.8142584056787582,-9.477493295082121E10
24563,0.36884029815919733,0.9844760515513543,-385.3679800303451
24576,0.613027232163434,3.8907981285797844,0.0
24585,0.15416034622605101,116.71100474045282,-1.962985916662729E7
24594,-0.069070691067225,14.866029246509441,0.0
24605,-1.6537010617518355,2.4249704195235444,-13573.24141419509
24607,-17.726163530463978,17.312225090301595,0.0
24610,0.16659132969715842,13.031015326257252,3319.573510303775
24612,-0.23218037444075648,-23.974814663815053,0.0
24626,-28.3931786214973,-22.752427020467607,5290.962611653401
24644,-1.916286236586675,1.1574156011929622,0.0
24649,-0.33504515173068156,11.230067891451947,-12916.819137370614
24667,-4.165260326883718,-26.718488745448497,0.0
24677,-0.2257026724815509,13.274771418881711,1476.6866260116938
24888,0.25513860642560326,48.26117914445128,3.4234125818960885E15
24894,-10.358603249259426,0.8923129151884629,-0.9742821397776499
24895,-1.1367217504426208,-1.7928761357725247,0.3633632034591988
24901,0.0,-4.609944650882763,-3.919647479511597
24902,16.19721685814633,8.96987291701453,-Infinity
24905,-33.08682295967083,-28.227980009983348,-4.093436140262078
24913,0.0,-10.349326294269618,0.0
24915,-2.647899073339041,54.70983286357829,0.0
24927,-8.312654014067611,1.6071558482727066,0.0
24937,2.85539288462982,-2.5703355945458313,0.0
24944,-0.9307096686199388,1.6026029211487942,0.0
24945,0.0,-2.8776746390417154,0.0
24960,-0.5395732669788085,-1.4053998132229115,645.9599011436
24961,-15.889480741991495,-8.497103043123566,0.0
24967,-31.403191299137855,3.2193661646545118,0.0
24969,-0.024646635880867147,47.80961720729204,-3.5119649388841104E12
24970,-0.40059517282400275,11.801046998127934,0.5586055513550108
24972,-1.8278913955763678,1.610723863450139,0.0
24974,49.17419612611827,2.503630749731965,1.2461428430479205E14
24988,-7.221471387349847,-73.64084158050382,Infinity
24996,0.0,-48.07104197455875,0.0
25014,0.3576490738114076,-6.344606453290412,-7.120816245971583E11
25018,-0.20611615537444158,-2.272030553185922,10434.838897474647
25022,-1.009652838629957,8.556946304045491,7.256463029724661E12
25049,3.94137019503931,-4.329500059824332,0.0
25054,-1.1752546466795935,7.206473994746514,-0.03667410411439015
25118,0.389875519367838,-15.060837419559926,49.04348239252937
25119,1.581928348706341,-5.0558130142989155,0.0
25121,-40.4171722669616,-150.3932987692739,-5.434938453486885
25132,-0.3020008417285228,10.993220202056703,59.15990697801645
25136,-1.1928467983143451,88.03669834424588,0.8245787829803572
25140,-1.108059973809659,2.265611283055917,0.26123536304106987
25141,-6.533256834727283,-4.441755137013368,11.498472312627742
25151,0.0,17.433136488225397,0.0
25154,-0.03748590764940267,8.277313009496238,9815.37734160799
25155,-2.460034491972404,5.601579755243003,-0.8091010331138971
25177,-0.033976007865793675,31.15931394126124,-0.5409232842810286
25189,-0.6212861921586298,-1.4173228776985163,-0.0033826677317159598
25192,0.0,-1.1507291962174682,-1.4080645567985846E7
25201,-11.437013111351517,28.501761805084794,-1117946.4978163207
25216,-0.11520841651087242,-0.887644268585945,1.832487662706043E8
25225,0.0,4.158727158857391,3.4650606005357156
25229,0.47273824481257304,3.90415019038492,-7.104776742919411
25231,-10.58117172914774,6.321468390422048,534129.799281219
25233,0.27943732707768454,62.19461005851651,0.0
25267,0.4525252040820176,16.136758677020104,-Infinity
25285,-0.14457874733014614,12.55066158432138,-1.0752824508936223E14
25286,-4.300484174865591,9.34863555724254,-9510316.454193996
25302,-8.356730470428879,3.5142518750484557,0.0
25310,-5.465309441427382,12.470506888076796,0.0
25326,-0.28827537769641287,-2.3733470245559687,-6689.396301131227
25345,-0.012497586709792811,12.842866204357342,-3.7848163533668325E12
25354,-0.06534289286500632,7.346493672721753,-0.43285707258108924
25355,-6.27330614019639,2.302717839239086,-2.0329767351663266
25380,-0.7239123916669938,-113.62675209390916,0.0
25381,0.0,50.96297981299313,0.0
25384,-2.4287331761085467,-1.8578869519112604,0.0
25387,-7.729771725336929,-7.155269944441598,0.0
25393,-4.419794135797562,-17.288018039518082,0.0
25415,9.489195038144802,-2.464202598733854,0.3526432399896385
25417,-0.07632990487760086,5.887876619469314,-0.8345431883057923
25418,-6.482382336340378,-3.919973526043216,0.0
25419,-0.44588040395570633,79.77630816829581,-907.827843687239
25423,0.0,-3.5587988167777955,-1.9287455680059422
25441,2.53166003532416,-11.043322606387232,0.0
25466,0.0,1.871133282415243,0.0
25475,0.04937103936366196,-0.9979747714957702,1.143437107266459E8
25477,-0.08294104646656099,57.188012237312456,48.69353739262962
25791,0.4369722702751188,0.9081446452297504,28.978890847064342
25793,0.8810586955828484,1.8356056635226068,0.0
25796,-2.527448026961166,-0.8286275619625825,-4.451642230208278
25799,-0.5709204369597117,-1.3941744064622155,0.0
25822,-7.642026357552016,1.6535648327479988,2.382803132435735E7
25854,-6.894577224314691,2.4056792278618166,-0.17871408135745204
25861,-0.1199095402126147,16.344684272693417,1.7439350283493068E15
25875,0.0,-26.6009674670025,0.0
25881,15.960559769831796,-0.8399552749439229,1.7601842809109238
25883,-0.3709989332102405,-0.9034850605039135,75.46225300863065
25885,-0.6218661060594588,11.853538289815367,-17.91533173891411
25897,0.017018305607386604,-12.257054343454875,-3.450511974236602
25921,-0.4814033608531752,1.3953656735167992,-1.603348664395778E8
25958,-0.14210638701546277,-1.19515912829964,1.1931623839215333
31771,-9.7657103721399,-32.46353074738821,0.0
31775,-6.248887219249444,16.13852934506105,-6.931753742380134
31897,1.5918168046607222,79.03093968470334,0.0
31905,2.7705318466744484,2.05631210668451,0.0
